hour,wind_speed,wind_direction,predicted_yaw_t1,predicted_yaw_t2,predicted_yaw_t3,predicted_yaw_t4,predicted_yaw_t5,actual_yaw_t1,actual_yaw_t2,actual_yaw_t3,actual_yaw_t4,actual_yaw_t5,power_output,baseline_power,improvement_percent
0,11.43,310.66,-10,-7,-7,-3,1,-12,-9,-7,-1,0,30960.429391037604,30116.0,2.8039228019577855
1,9.74,313.19,-14,-13,-10,-2,1,-14,-12,-8,0,1,29502.309914952526,28209.0,4.584742156590192
2,8.790000000000001,313.91,-17,-10,-9,-3,0,-17,-10,-8,-1,0,28075.3987837425,26911.0,4.326850669772586
3,8.35,310.91,-15,-13,-9,0,-2,-15,-10,-9,-1,-2,27448.996070425517,26469.0,3.7024295229344393
4,8.09,310.74,-15,-11,-9,-2,-2,-15,-11,-8,-2,-2,28576.319131940647,27364.0,4.43034326831108
5,7.390000000000001,309.53000000000003,-14,-11,-9,-3,-1,-16,-11,-8,-2,-1,26422.735497743106,25712.0,2.7642170882977113
